train_human_source,test_human_source,classifier,accuracy,precision,recall,f1,auc
CEAS_08,Nazario,xgboost,0.9068,0.8994,1.0,0.947,0.9664
CEAS_08,Nigerian_Fraud,xgboost,0.9671,0.9635,1.0,0.9814,0.9986
CEAS_08,TREC-07,xgboost,0.984,0.9796,1.0,0.9897,0.9996
CEAS_08,enron_data_fraud_labeled,xgboost,0.9849,0.9844,1.0,0.9921,0.9917
Nazario,CEAS_08,xgboost,0.9994,0.9992,1.0,0.9996,1.0
Nazario,Nigerian_Fraud,xgboost,0.9629,0.959,1.0,0.9791,0.9981
Nazario,TREC-07,xgboost,0.9963,0.9952,1.0,0.9976,0.9997
Nazario,enron_data_fraud_labeled,xgboost,0.9964,0.9962,1.0,0.9981,0.9976
Nigerian_Fraud,CEAS_08,xgboost,0.9556,0.9454,1.0,0.9719,0.9995
Nigerian_Fraud,Nazario,xgboost,0.8886,0.882,1.0,0.9373,0.9683
Nigerian_Fraud,TREC-07,xgboost,0.9655,0.957,1.0,0.978,0.9995
Nigerian_Fraud,enron_data_fraud_labeled,xgboost,0.9893,0.9889,1.0,0.9944,0.9964
TREC-07,CEAS_08,xgboost,0.9968,0.9958,1.0,0.9979,0.9998
TREC-07,Nazario,xgboost,0.9238,0.9162,1.0,0.9563,0.9838
TREC-07,Nigerian_Fraud,xgboost,0.9908,0.9895,1.0,0.9947,0.9989
TREC-07,enron_data_fraud_labeled,xgboost,0.9943,0.994,1.0,0.997,0.9976
enron_data_fraud_labeled,CEAS_08,xgboost,0.8791,0.8641,1.0,0.9271,0.9995
enron_data_fraud_labeled,Nazario,xgboost,0.9235,0.9159,1.0,0.9561,0.9892
enron_data_fraud_labeled,Nigerian_Fraud,xgboost,0.9683,0.9648,1.0,0.9821,0.9993
enron_data_fraud_labeled,TREC-07,xgboost,0.9314,0.9181,1.0,0.9573,0.9983
